{
    "type": "feature",
    "data_source": "K562",
    "threshold": -3,
    "specific_graph": [
        "SL"
    ],
    "indep_graph": [
        "PPI-genetic",
        "PPI-physical",
        "co-exp",
        "co-ess"
    ],
    "node_feats": "precomputed_aug",
    "balanced": 1,
    "pos_weight": 50,
    "CCLE": 0,
    "CCLE_dim": 64,
    "node2vec_feats": 0,
    "model": "GCN_pool",
    "pooling": "max",
    "LR": 0.0001,
    "epochs": 1500,
    "batch_size": 512,
    "out_channels": 64,
    "patience": 150,
    "training_percent": 0.7,
    "save_results": 1,
    "split_method": "novel_pair",
    "predict_novel_genes": 0,
    "novel_cellline": "Jurkat",
    "AUC": 0.8384425305776408,
    "AUPR": 0.83323217086028,
    "precision@5": 0.9354838709677419,
    "precision@10": 0.9032258064516129,
    "lowest_error_pairs": [
        "('PDRG1', 'RPP30', 0.0017363704)",
        "('EEF1G', 'EXOSC6', 0.0024050556)",
        "('EEF1G', 'TGIF2', 0.0035042544)",
        "('PDRG1', 'SLC7A6OS', 0.0042895786)",
        "('MRPS18A', 'MRPS9', 0.0048821056)",
        "('MARS2', 'MRPL18', 0.005110778)",
        "('NACA', 'NFE2L1', 0.008325375)",
        "('DDX18', 'MRPS16', 0.008925595)",
        "('CDC27', 'RPP30', 0.009301001)",
        "('RNF20', 'RPL35', 0.009311538)"
    ]
}