{
    "type": "feature",
    "data_source": "K562",
    "threshold": -3,
    "specific_graph": [
        "SL"
    ],
    "indep_graph": [
        "PPI-genetic",
        "PPI-physical",
        "co-exp",
        "co-ess"
    ],
    "node_feats": "precomputed_aug",
    "balanced": 1,
    "pos_weight": 50,
    "CCLE": 0,
    "CCLE_dim": 64,
    "node2vec_feats": 0,
    "model": "GCN_pool",
    "pooling": "max",
    "LR": 0.0001,
    "epochs": 1500,
    "batch_size": 512,
    "out_channels": 64,
    "patience": 150,
    "training_percent": 0.7,
    "save_results": 1,
    "split_method": "novel_pair",
    "predict_novel_genes": 0,
    "novel_cellline": "Jurkat",
    "AUC": 0.8331592932248426,
    "AUPR": 0.8242537174840603,
    "precision@5": 0.9032258064516129,
    "precision@10": 0.9032258064516129,
    "lowest_error_pairs": [
        "('FBXO28', 'SRP19', 3.8168313e-05)",
        "('MARS2', 'MRPL18', 7.812213e-05)",
        "('MRPS18A', 'MRPS9', 0.00012053511)",
        "('LARS2', 'MRPL27', 0.00022216987)",
        "('BTF3', 'LARS2', 0.0003021329)",
        "('NFE2L1', 'TFB1M', 0.00033161606)",
        "('RBBP8', 'TRMT5', 0.00051563175)",
        "('NACA', 'NFE2L1', 0.0006018454)",
        "('MARS2', 'PPCS', 0.0006163991)",
        "('PDRG1', 'SLC7A6OS', 0.0009058754)"
    ]
}