{
    "type": "feature",
    "data_source": "K562",
    "threshold": -3,
    "specific_graph": [
        "SL"
    ],
    "indep_graph": [
        "PPI-genetic",
        "PPI-physical",
        "co-exp",
        "co-ess"
    ],
    "node_feats": "precomputed_aug",
    "balanced": 1,
    "pos_weight": 50,
    "CCLE": 0,
    "CCLE_dim": 64,
    "node2vec_feats": 0,
    "model": "GCN_pool",
    "pooling": "max",
    "LR": 0.0001,
    "epochs": 1500,
    "batch_size": 512,
    "out_channels": 64,
    "patience": 150,
    "training_percent": 0.7,
    "save_results": 1,
    "split_method": "novel_pair",
    "predict_novel_genes": 0,
    "novel_cellline": "Jurkat",
    "AUC": 0.8399210099151166,
    "AUPR": 0.8319349037412384,
    "precision@5": 0.9354838709677419,
    "precision@10": 0.9032258064516129,
    "lowest_error_pairs": [
        "('EEF1G', 'TGIF2', 4.248461e-05)",
        "('EEF1G', 'EXOSC6', 0.00010648256)",
        "('MRPS18A', 'MRPS9', 0.00013386589)",
        "('NFE2L1', 'TFB1M', 0.00029544404)",
        "('ACTR10', 'SMC5', 0.00057900435)",
        "('PDRG1', 'SLC7A6OS', 0.00060509396)",
        "('LARS2', 'MRPL27', 0.0008409991)",
        "('BTF3', 'LARS2', 0.0010473746)",
        "('MARS2', 'MRPL18', 0.001151647)",
        "('PPAT', 'TRPM7', 0.0012058491)"
    ]
}